field:ID,name_zh,:LABEL
org_0,中国科学院长春应用化学研究所,机构
org_1,苏州大学,机构
org_2,中南大学,机构
org_3,中国科学院、水利部成都山地灾害与环境研究所,机构
org_4,上海交通大学,机构
org_5,香港浸会大学,机构
org_6,东北林业大学,机构
org_7,大连理工大学,机构
org_8,南京大学,机构
org_9,西安科技大学,机构
org_10,上海市农业科学院,机构
org_11,北京工业大学,机构
org_12,中国科学技术大学,机构
org_13,中国人民解放军第二军医大学,机构
org_14,中国医学科学院病原生物学研究所,机构
org_15,中国科学院福建物质结构研究所,机构
org_16,兰州大学,机构
org_17,中国农业科学院蔬菜花卉研究所,机构
org_18,安徽师范大学,机构
org_19,中国科学院地质与地球物理研究所,机构
org_20,江苏大学,机构
org_21,华东师范大学,机构
org_22,北京交通大学,机构
org_23,上海大学,机构
org_24,中国农业科学院北京畜牧兽医研究所,机构
org_25,武汉大学,机构
org_26,东北师范大学,机构
org_27,中国石油大学,机构
org_28,南京工程学院,机构
org_29,河北农业大学,机构
org_30,南京理工大学,机构
org_31,中国科学院上海生命科学研究院,机构
org_32,湘潭大学,机构
org_33,湖南大学,机构
org_34,中国农业大学,机构
org_35,西北工业大学,机构
org_36,西安理工大学,机构
org_37,河北医科大学,机构
org_38,北京林业大学,机构
org_39,华中师范大学,机构
org_40,华南理工大学,机构
org_41,中国科学院微生物研究所,机构
org_42,东华大学,机构
org_43,上海理工大学,机构
org_44,山西农业大学,机构
org_45,华南师范大学,机构
org_46,中国科学院沈阳应用生态研究所,机构
org_47,中国科学院生态环境研究中心,机构
org_48,河海大学,机构
org_49,北京化工大学,机构
org_50,广东工业大学,机构
org_51,中山大学,机构
org_52,湖南农业大学,机构
org_53,中国科学院南京地理与湖泊研究所,机构
org_54,山东师范大学,机构
org_55,中国科学院上海硅酸盐研究所,机构
org_56,青岛理工大学,机构
org_57,中国科学院电工研究所,机构
org_58,中国科学院心理研究所,机构
org_59,天津大学,机构
org_60,西交利物浦大学,机构
org_61,中国农业科学院植物保护研究所,机构
org_62,中国人民解放军第三军医大学,机构
org_63,中国林业科学研究院林业研究所,机构
org_64,哈尔滨工程大学,机构
org_65,湖南师范大学,机构
org_66,中国矿业大学,机构
org_67,北京市气象局,机构
org_68,中国科学院近代物理研究所,机构
org_69,中国林业科学研究院木材工业研究所,机构
org_70,湖南科技大学,机构
org_71,首都经济贸易大学,机构
org_72,华南农业大学,机构
org_73,中国人民大学,机构
org_74,武汉科技大学,机构
org_75,中国地质大学,机构
org_76,中国水产科学研究院黑龙江水产研究所,机构
org_77,中国科学院广州生物医药与健康研究院,机构
org_78,济南大学,机构
org_79,中国科学院青岛生物能源与过程研究所,机构
org_80,中国科学院海洋研究所,机构
org_81,燕山大学,机构
org_82,浙江省农业科学院,机构
org_83,中国科学院南海海洋研究所,机构
org_84,苏州科技大学,机构
org_85,浙江大学,机构
org_86,厦门市气象局,机构
org_87,中国科学院遗传与发育生物学研究所,机构
org_88,中国科学院高能物理研究所,机构
org_89,中国科学院物理研究所,机构
org_90,河南师范大学,机构
org_91,重庆大学,机构
org_92,东南大学,机构
org_93,中国科学院合肥物质科学研究院,机构
org_94,中国人民解放军信息工程大学,机构
org_95,浙江理工大学,机构
org_96,太原理工大学,机构
org_97,中国科学院长春光学精密机械与物理研究所,机构
org_98,中国农业科学院郑州果树研究所,机构
org_99,中国科学院青海盐湖研究所,机构
org_100,沈阳工业大学,机构
org_101,重庆交通大学,机构
org_102,西北农林科技大学,机构
org_103,中国农业科学院哈尔滨兽医研究所,机构
org_104,中国科学院过程工程研究所,机构
org_105,哈尔滨理工大学,机构
org_106,中国科学院东北地理与农业生态研究所,机构
org_107,长沙理工大学,机构
org_108,广州大学,机构
org_109,四川大学,机构
org_110,中国海洋大学,机构
org_111,西南交通大学,机构
org_112,杭州师范大学,机构
org_113,西安测绘研究所,机构
org_114,电子科技大学,机构
org_115,大连工业大学,机构
org_116,中国科学院半导体研究所,机构
org_117,武汉理工大学,机构
org_118,中国工程物理研究院激光聚变研究中心,机构
org_119,天津师范大学,机构
org_120,江苏科技大学,机构
org_121,温州医科大学,机构
org_122,大连医科大学,机构
org_123,水利部交通运输部国家能源局南京水利科学研究院,机构
org_124,河北科技大学,机构
org_125,南昌大学,机构
org_126,江苏省农业科学院,机构
org_127,华北电力大学,机构
org_128,中国科学院广州地球化学研究所,机构
org_129,江南大学,机构
org_130,东北电力大学,机构
org_131,大连海事大学,机构
org_132,中国人民解放军第四军医大学,机构
org_133,安徽农业大学,机构
org_134,南方医科大学,机构
org_135,湖北工业大学,机构
org_136,信阳师范学院,机构
org_137,中国农业科学院柑桔研究所,机构
org_138,中国科学院宁波材料技术与工程研究所,机构
org_139,华北理工大学,机构
org_140,北京信息科技大学,机构
org_141,江苏师范大学,机构
org_142,南京师范大学,机构
org_143,南华大学,机构
org_144,中国林业科学研究院森林生态环境与保护研究所,机构
org_145,宁波大学,机构
org_146,上海师范大学,机构
org_147,华侨大学,机构
org_148,青岛大学,机构
org_149,山东科技大学,机构
org_150,华北水利水电大学,机构
org_151,南京财经大学,机构
org_152,中国农业科学院茶叶研究所,机构
org_153,核工业西南物理研究院,机构
org_154,中国人民解放军空军工程大学,机构
org_155,杭州电子科技大学,机构
org_156,中国热带农业科学院热带生物技术研究所,机构
org_157,沈阳师范大学,机构
org_158,山西师范大学,机构
org_159,华东理工大学,机构
org_160,中国科学院植物研究所,机构
org_161,中国科学院生物物理研究所,机构
org_162,中国极地研究中心,机构
org_163,福建医科大学,机构
org_164,南开大学,机构
org_165,暨南大学,机构
org_166,国家林业局桉树研究开发中心,机构
org_167,山东农业大学,机构
org_168,江西师范大学,机构
org_169,河北大学,机构
org_170,中国科学院烟台海岸带研究所,机构
org_171,江苏省原子医学研究所,机构
org_172,盐城工学院,机构
org_173,广东海洋大学,机构
org_174,中国农业科学院生物技术研究所,机构
org_175,南京航空航天大学,机构
org_176,中国水稻研究所,机构
org_177,东北大学,机构
org_178,西安工程大学,机构
org_179,嘉兴学院,机构
org_180,上海中医药大学,机构
org_181,中国医学科学院药物研究所,机构
org_182,中国地震局工程力学研究所,机构
org_183,济南市环境保护科学研究院,机构
org_184,北京科技大学,机构
org_185,大连大学,机构
org_186,中国水产科学研究院淡水渔业研究中心,机构
org_187,中国科学院古脊椎动物与古人类研究所,机构
org_188,中国地震局地质研究所,机构
org_189,北京航空航天大学,机构
org_190,中国人民解放军装甲兵工程学院,机构
org_191,哈尔滨师范大学,机构
org_192,安徽理工大学,机构
org_193,湖南中医药大学,机构
org_194,北京医院,机构
org_195,吉林农业大学,机构
org_196,天津市人工影响天气办公室,机构
org_197,中国科学院重庆绿色智能技术研究院,机构
org_198,新疆大学,机构
org_199,中国电力科学研究院,机构
org_200,国际竹藤中心,机构
org_201,中国中医科学院医学实验中心,机构
org_202,北京大学,机构
org_203,北京理工大学,机构
org_204,中南民族大学,机构
org_205,山东理工大学,机构
org_206,南方科技大学,机构
org_207,成都信息工程大学,机构
org_208,淮阴工学院,机构
org_209,吉林大学,机构
org_210,哈尔滨工业大学,机构
org_211,浙江工业大学,机构
org_212,西安建筑科技大学,机构
org_213,同济大学,机构
org_214,中国地震局地震预测研究所,机构
org_215,中国传媒大学,机构
org_216,川北医学院,机构
org_217,香港大学,机构
org_218,广东省生态环境技术研究所,机构
org_219,汕头大学,机构
org_220,中国科学院昆明植物研究所,机构
org_221,厦门大学,机构
org_222,国家地质实验测试中心,机构
org_223,首都师范大学,机构
org_224,中国科学院国家天文台,机构
org_225,北京师范大学,机构
org_226,中国科学院城市环境研究所,机构
org_227,上海电力学院,机构
org_228,中国人民解放军国防科学技术大学,机构
org_229,南京中医药大学,机构
org_230,中国中医科学院中医临床基础医学研究所,机构
org_231,黑龙江省中医药科学院,机构
org_232,山西医科大学,机构
org_233,广东医科大学,机构
org_234,山东省医学科学院,机构
org_235,中国人民解放军沈阳军区总医院,机构
org_236,中国农业科学院作物科学研究所,机构
org_237,河北师范大学,机构
org_238,青岛科技大学,机构
org_239,上海市徐汇区中心医院,机构
org_240,郑州大学,机构
org_241,中国人民解放军总医院,机构
org_242,成都中医药大学,机构
org_243,湖北医药学院,机构
org_244,中国中医科学院西苑医院,机构
org_245,黑龙江省林业科学院,机构
org_246,黑龙江中医药大学,机构
org_247,中国科学院南京土壤研究所,机构
org_248,清华大学,机构
org_249,华中科技大学,机构
org_250,珠海澳大科技研究院,机构
org_251,陕西师范大学,机构
org_252,安徽大学,机构
org_253,长春师范大学,机构
org_254,复旦大学,机构
org_255,中国科学院工程热物理研究所,机构
org_256,河南大学,机构
org_257,福州大学,机构
org_258,哈尔滨医科大学,机构
org_259,西安交通大学,机构
org_260,沈阳农业大学,机构
org_261,湖北大学,机构
org_262,扬州大学,机构
org_263,中国农业科学院深圳农业基因组研究所,机构
org_264,内蒙古农业大学,机构
org_265,中国科学院数学与系统科学研究院,机构
org_266,华中农业大学,机构
org_267,上海海洋大学,机构
org_268,上海应用技术大学,机构
org_269,北京市农林科学院,机构
org_270,中国科学院国家空间科学中心,机构
org_271,国家纳米科学中心,机构
org_272,烟台大学,机构
org_273,浙江农林大学,机构
org_274,太原师范学院,机构
org_275,成都理工大学,机构
org_276,中国科学院上海有机化学研究所,机构
org_277,中国科学院寒区旱区环境与工程研究所,机构
org_278,重庆医科大学,机构
org_279,中国气象科学研究院,机构
org_280,中国地质科学院矿产资源研究所,机构
org_281,中国科学院青藏高原研究所,机构
org_282,中国计量科学研究院,机构
org_283,北京建筑大学,机构
org_284,山东大学,机构
org_285,中国水利水电科学研究院,机构
org_286,中国地质科学院地质力学研究所,机构
org_287,河南理工大学,机构
org_288,中国地质科学院地质研究所,机构
org_289,浙江科技学院,机构
org_290,中国人民武装警察部队后勤学院,机构
org_291,安徽医科大学,机构
org_292,沈阳药科大学,机构
org_293,中国医学科学院医药生物技术研究所,机构
org_294,泰山医学院,机构
org_295,中国科学院深圳先进技术研究院,机构
org_296,上海市精神卫生中心,机构
org_297,安徽中医药大学,机构
org_298,陕西中医药大学,机构
org_299,中国医学科学院整形外科医院,机构
org_300,浙江省人民医院,机构
org_301,深圳市疾病预防控制中心,机构
org_302,北京教育考试院,机构
org_303,北京农学院,机构
org_304,中国科学院兰州化学物理研究所,机构
org_305,北京工商大学,机构
org_306,齐鲁工业大学,机构
org_307,中国科学院动物研究所,机构
org_308,西北大学,机构
org_309,内蒙古师范大学,机构
org_310,中国科学院上海药物研究所,机构
org_311,湖州师范学院,机构
org_312,天津工业大学,机构
org_313,天津城建大学,机构
org_314,温州大学,机构
org_315,泉州师范学院,机构
org_316,山东省农业科学院,机构
org_317,淮阴师范学院,机构
org_318,南京工业大学,机构
org_319,南京林业大学,机构
org_320,兰州交通大学,机构
org_321,南通大学,机构
org_322,河南农业大学,机构
org_323,常州大学,机构
org_324,中国科学院遥感与数字地球研究所,机构
org_325,合肥工业大学,机构
org_326,北京邮电大学,机构
org_327,中国科学院理化技术研究所,机构
org_328,重庆邮电大学,机构
org_329,天津农学院,机构
org_330,河南工业大学,机构
org_331,中国科学院光电技术研究所,机构
org_332,南京邮电大学,机构
org_333,广州医科大学,机构
org_334,中国社会科学院数量经济与技术经济研究所,机构
org_335,山东工商学院,机构
org_336,中国科学院成都生物研究所,机构
org_337,济宁医学院,机构
org_338,天津商业大学,机构
org_339,青岛农业大学,机构
org_340,武汉市农业科学技术研究院畜牧兽医科学研究所,机构
org_341,西南民族大学,机构
org_342,中冶建筑研究总院有限公司,机构
org_343,中国农业科学院棉花研究所,机构
org_344,西南科技大学,机构
org_345,中国人民解放军理工大学,机构
org_346,重庆三峡学院,机构
org_347,云南大学,机构
org_348,四川农业大学,机构
org_349,中国农业科学院农业环境与可持续发展研究所,机构
org_350,北京纳米能源与系统研究所,机构
org_351,新乡学院,机构
org_352,中国科学院声学研究所,机构
org_353,国家海洋环境预报中心,机构
org_354,中国地震局地壳应力研究所,机构
org_355,曲阜师范大学,机构
org_356,中国人民解放军军事医学科学院,机构
org_357,中国科学院水生生物研究所,机构
org_358,中国科学院信息工程研究所,机构
org_359,常州工学院,机构
org_360,渤海大学,机构
org_361,山西中医学院,机构
org_362,湖南省中医药研究院,机构
org_363,西安石油大学,机构
org_364,中国林业科学研究院林产化学工业研究所,机构
org_365,上海科技大学,机构
org_366,首都儿科研究所,机构
org_367,中国测绘科学研究院,机构
org_368,中国农业科学院农业质量标准与检测技术研究所,机构
org_369,中国农业科学院饲料研究所,机构
org_370,中国医科大学,机构
org_371,景德镇陶瓷大学,机构
org_372,中国人民解放军陆军军官学院,机构
org_373,中国航天空气动力技术研究院,机构
org_374,南京医科大学,机构
org_375,湖南省农业科学院,机构
org_376,天津科技大学,机构
org_377,北京市肿瘤防治研究所,机构
org_378,广东省心血管病研究所,机构
org_379,杭州市肿瘤医院,机构
org_380,浙江海洋大学,机构
org_381,北京空间飞行器总体设计部,机构
org_382,中国科学院软件研究所,机构
org_383,中国科学院上海技术物理研究所,机构
org_384,中国原子能科学研究院,机构
org_385,阜阳师范学院,机构
org_386,中国科学院地理科学与资源研究所,机构
org_387,国家心血管病中心,机构
org_388,交通运输部天津水运工程科学研究所,机构
org_389,安徽建筑大学,机构
org_390,沈阳化工大学,机构
org_391,湖南工业大学,机构
org_392,中国科学院科技战略咨询研究院,机构
org_393,中国医学科学院医学生物学研究所,机构
org_394,成都大学,机构
org_395,太原科技大学,机构
org_396,中国科学院深海科学与工程研究所,机构
org_397,辽宁师范大学,机构
org_398,石河子大学,机构
org_399,国家海洋环境监测中心,机构
org_400,深圳大学,机构
org_401,河南科技大学,机构
org_402,江西理工大学,机构
org_403,航天材料及工艺研究所,机构
org_404,徐州医科大学,机构
org_405,东华理工大学,机构
org_406,河北北方学院,机构
org_407,中国地质调查局武汉地质调查中心,机构
org_408,南阳理工学院,机构
org_409,西南财经大学,机构
org_410,塔里木大学,机构
org_411,中国农业科学院蜜蜂研究所,机构
org_412,中央民族大学,机构
org_413,中国科学院力学研究所,机构
org_414,桂林电子科技大学,机构
org_415,国家气象中心,机构
org_416,北京中医药大学,机构
org_417,滨州医学院,机构
org_418,中国科学院上海巴斯德研究所,机构
org_419,上海海事大学,机构
org_420,三峡大学,机构
org_421,中国科学院国家天文台长春人造卫星观测站,机构
org_422,北京市预防医学研究中心,机构
org_423,北京应用物理与计算数学研究所,机构
org_424,武汉体育学院,机构
org_425,长安大学,机构
org_426,重庆科技学院,机构
org_427,鲁东大学,机构
org_428,对外经济贸易大学,机构
org_429,山西大同大学,机构
org_430,国家林业局北京林业机械研究所,机构
org_431,中国气象局北京城市气象研究所,机构
org_432,中国科学院苏州纳米技术与纳米仿生研究所,机构
org_433,贵州大学,机构
org_434,广东省人民医院,机构
org_435,浙江省肿瘤医院,机构
org_436,北京市中医研究所,机构
org_437,浙江省中医药研究院,机构
org_438,大连民族大学,机构
org_439,沈阳理工大学,机构
org_440,山东建筑大学,机构
org_441,辽宁工程技术大学,机构
org_442,中国地震局地球物理研究所,机构
org_443,佛山科学技术学院,机构
org_444,中国林业科学研究院资源信息研究所,机构
org_445,河北地质大学,机构
org_446,国家粮食局科学研究院,机构
org_447,南京市高淳区速诚基础与交叉科学研究中心,机构
org_448,广东省农业科学院蔬菜研究所,机构
org_449,钢铁研究总院,机构
org_450,北京矿冶研究总院,机构
org_451,长春理工大学,机构
org_452,上海财经大学,机构
org_453,国家食品安全风险评估中心,机构
org_454,中国气象局气象干部培训学院,机构
org_455,西安工业大学,机构
org_456,中国科学院空间应用工程与技术中心,机构
org_457,云南农业大学,机构
org_458,中国石油天然气股份有限公司勘探开发研究院,机构
org_459,西北师范大学,机构
org_460,中国科学院计算技术研究所,机构
org_461,东莞理工学院,机构
org_462,中国特种设备检测研究院,机构
org_463,兰州理工大学,机构
org_464,中国医学科学院基础医学研究所,机构
org_465,华东交通大学,机构
org_466,西安邮电大学,机构
org_467,长江大学,机构
org_468,西南大学,机构
org_469,黑龙江八一农垦大学,机构
org_470,北京回龙观医院,机构
org_471,总装备部工程设计研究总院,机构
org_472,上海博物馆,机构
org_473,宁夏大学,机构
org_474,中国建筑材料科学研究总院,机构
org_475,枣庄学院,机构
org_476,中国科学院成都有机化学有限公司,机构
org_477,黑龙江大学,机构
org_478,中国医学科学院,机构
org_479,中国人民解放军防化学院,机构
org_480,中国航天员科研训练中心,机构
org_481,长春工业大学,机构
org_482,吉林省农业科学院,机构
org_483,中国药科大学,机构
org_484,国家体育总局体育科学研究所,机构
org_485,辽宁科技大学,机构
org_486,中国疾病预防控制中心营养与健康所,机构
org_487,天津医科大学,机构
org_488,中国科学院武汉植物园,机构
org_489,合肥师范学院,机构
org_490,陕西科技大学,机构
org_491,重庆市畜牧科学院,机构
org_492,广东外语外贸大学,机构
org_493,内蒙古大学,机构
org_494,云南中医学院,机构
org_495,中国医学科学院医学实验动物研究所,机构
org_496,航空总医院,机构
org_497,中国林业科学研究院,机构
org_498,广东技术师范学院,机构
org_499,中国水产科学研究院,机构
org_500,国家气候中心,机构
org_501,中国信息安全测评中心,机构
org_502,天津市气象科学研究所,机构
org_503,沈阳大学,机构
org_504,广西师范大学,机构
org_505,中国人民解放军成都军区总医院,机构
org_506,中国科学院电子学研究所,机构
org_507,中国科学院昆明动物研究所,机构
org_508,中国中医科学院针灸研究所,机构
org_509,福建师范大学,机构
org_510,中国林业科学研究院资源昆虫研究所,机构
org_511,福建省农业科学院,机构
org_512,中国人民解放军南京军区南京总医院,机构
org_513,上海电机学院,机构
org_514,安徽工程大学,机构
org_515,上海第二工业大学,机构
org_516,内蒙古工业大学,机构
org_517,国家卫星气象中心,机构
org_518,首都医科大学,机构
org_519,北京印刷学院,机构
org_520,集美大学,机构
org_521,济宁学院,机构
org_522,武汉纺织大学,机构
org_523,香港城市大学,机构
org_524,中国中医科学院广安门医院,机构
org_525,中国科学院自动化研究所,机构
org_526,厦门理工学院,机构
org_527,大连交通大学,机构
org_528,吉林师范大学,机构
org_529,中国疾病预防控制中心环境与健康相关产品安全所,机构
org_530,山东中医药大学,机构
org_531,湖南杂交水稻研究中心,机构
org_532,中国核动力研究设计院,机构
org_533,郑州航空工业管理学院,机构
org_534,中央财经大学,机构
org_535,中国农业科学院烟草研究所,机构
org_536,中国科学院国家授时中心,机构
org_537,福建工程学院,机构
org_538,浙江树人学院,机构
org_539,中国农业科学院果树研究所,机构
org_540,佛山市第一人民医院,机构
org_541,浙江省疾病预防控制中心,机构
org_542,湖北中医药大学,机构
org_543,湖北科技学院,机构
org_544,中国科学院天津工业生物技术研究所,机构
org_545,中国食品发酵工业研究院,机构
org_546,中原工学院,机构
org_547,深圳市慢性病防治中心,机构
org_548,昆明医科大学,机构
org_549,上海工程技术大学,机构
org_550,中国农业科学院农田灌溉研究所,机构
org_551,华北科技学院,机构
org_552,沈阳航空航天大学,机构
org_553,广西壮族自治区肿瘤防治研究所,机构
org_554,山东省医学科学院基础医学研究所,机构
org_555,广西中医药大学,机构
org_556,中国空间技术研究院,机构
org_557,中国科学院微电子研究所,机构
org_558,山东省眼科研究所,机构
org_559,江苏省血吸虫病防治研究所,机构
org_560,中国中医科学院中药研究所,机构
org_561,福建农林大学,机构
org_562,江苏省中国科学院植物研究所,机构
org_563,北京蛋白质组研究中心,机构
org_564,中国人民解放军济南军区总医院,机构
org_565,湖南医药学院,机构
org_566,香港中文大学,机构
org_567,中国人民解放军总参谋部第六十一研究所,机构
org_568,香港理工大学,机构
org_569,北京联合大学,机构
org_570,中国科学院大连化学物理研究所,机构
org_571,山西大学,机构
org_572,中国地质科学院水文地质环境地质研究所,机构
org_573,南京审计大学,机构
org_574,辽宁大学,机构
org_575,广西医科大学,机构
org_576,中国电子科技集团公司第三十八研究所,机构
org_577,中国科学院大学,机构
org_578,甘肃中医药大学,机构
org_579,西安电子科技大学,机构
org_580,中国科学院北京基因组研究所,机构
org_581,成都军区昆明总医院,机构
org_582,中国科学院武汉病毒研究所,机构
org_583,北京生命科学研究所,机构
org_584,贵阳中医学院,机构
org_585,福建省中医药研究院,机构
org_586,天津市神经外科研究所,机构
org_587,山东省地质科学研究院,机构
org_588,上海体育学院,机构
org_589,大理大学,机构
org_590,河北工业大学,机构
org_591,哈尔滨商业大学,机构
org_592,中国医学科学院输血研究所,机构
org_593,重庆市中医研究院,机构
org_594,中国人民解放军白求恩国际和平医院,机构
org_595,上海生物信息技术研究中心,机构
org_596,上海市计划生育科学研究所,机构
org_597,蚌埠医学院,机构
org_598,江苏省疾病预防控制中心,机构
org_599,湖南省儿童医院,机构
org_600,北京积水潭医院,机构
org_601,四川省肿瘤研究所,机构
org_602,皖南医学院,机构
org_603,中国民航大学,机构
org_604,防灾科技学院,机构
org_605,浙江传媒学院,机构
org_606,北京宇航系统工程研究所,机构
org_607,南京农业大学,机构
org_608,北京服装学院,机构
org_609,江汉大学,机构
org_610,许昌学院,机构
org_611,内蒙古民族大学,机构
org_612,国家计算机网络与信息安全管理中心,机构
org_613,福建省立医院,机构
org_614,国家行政学院,机构
org_615,北京控制工程研究所,机构
org_616,山东财经大学,机构
org_617,河南中医药大学,机构
org_618,天津中医药大学,机构
org_619,辽宁中医药大学,机构
org_620,中国人民解放军第二炮兵总医院,机构
org_621,潍坊医学院,机构
org_622,广东药科大学,机构
org_623,中国人民解放军陆军总医院,机构
org_624,广州中医药大学,机构
org_625,中国医学科学院阜外医院,机构
org_626,中日友好医院,机构
org_627,中国医学科学院北京协和医院,机构
org_628,中国医学科学院肿瘤医院,机构
org_629,浙江中医药大学,机构
org_630,中国医学科学院药用植物研究所,机构
org_631,浙江师范大学,机构
org_632,武汉轻工大学,机构
org_633,湖南城市学院,机构
org_634,中国林业科学研究院热带林业研究所,机构
org_635,宁夏医科大学,机构
org_636,中国工程物理研究院核物理与化学研究所,机构
org_637,东莞中子科学中心,机构
org_638,天津理工大学,机构
org_639,中国地质科学院岩溶地质研究所,机构
org_640,中国环境科学研究院,机构
org_641,中国科学院华南植物园,机构
org_642,黄河水利委员会黄河水利科学研究院,机构
org_643,德州学院,机构
org_644,浙江万里学院,机构
org_645,中国科学院上海高等研究院,机构
org_646,深圳清华大学,机构
org_647,北京计算科学研究中心,机构
org_648,南京信息工程大学,机构
org_649,闽南师范大学,机构
org_650,中国地震局地震研究所,机构
org_651,中北大学,机构
org_652,中国科学院地球环境研究所,机构
org_653,广西大学,机构
org_654,中国科学院西北高原生物研究所,机构
org_655,中国计量大学,机构
org_656,中国科学院西双版纳热带植物园,机构
org_657,广州军区广州总医院,机构
org_658,锦州医科大学,机构
org_659,上海健康医学院,机构
org_660,沈阳医学院,机构
org_661,内蒙古科技大学,机构
org_662,中国科学院上海微系统与信息技术研究所,机构
org_663,常熟理工学院,机构
org_664,中国科学院光电研究院,机构
org_665,桂林理工大学,机构
org_666,西藏农牧学院,机构
org_667,中南林业科技大学,机构
org_668,中国科学院新疆生态与地理研究所,机构
org_669,浙江工商大学,机构
org_670,东北农业大学,机构
org_671,安徽工业大学,机构
org_672,中国农业科学院油料作物研究所,机构
org_673,西南石油大学,机构
org_674,西藏大学,机构
org_675,四川师范大学,机构
org_676,东北石油大学,机构
org_677,中国科学院金属研究所,机构
org_678,中国科学院计算机网络信息中心,机构
org_679,昆明理工大学,机构
org_680,沈阳建筑大学,机构
org_681,宁夏回族自治区气象科学研究所,机构
org_682,水利部中国科学院水工程生态研究所,机构
org_683,湖北第二师范学院,机构
org_684,中国科学院大气物理研究所,机构
org_685,中国科学院武汉物理与数学研究所,机构
org_686,北京市创伤骨科研究所,机构
org_687,中国人民解放军62023部队,机构
org_688,绍兴文理学院,机构
org_689,国家海洋局第三海洋研究所,机构
org_690,海南医学院,机构
org_691,中国农业科学院上海兽医研究所,机构
org_692,中国人民解放军电子工程学院,机构
org_693,煤炭科学技术研究院有限公司,机构
org_694,中国科学院紫金山天文台,机构
org_695,中国科学院化学研究所,机构
org_696,东北财经大学,机构
org_697,郑州轻工业学院,机构
org_698,江西农业大学,机构
org_699,吉林建筑大学,机构
org_700,湖南文理学院,机构
org_701,中国人民解放军海军工程大学,机构
org_702,中国人民解放军空军预警学院,机构
org_703,中国人民解放军海军航空工程学院,机构
org_704,中国科学院地球化学研究所,机构
org_705,中国地震局地球物理勘探中心,机构
org_706,中国科学院武汉岩土力学研究所,机构
org_707,云南财经大学,机构
org_708,台州学院,机构
org_709,中南财经政法大学,机构
org_710,仲恺农业工程学院,机构
org_711,广东省实验动物监测所,机构
org_712,江西科技师范大学,机构
org_713,石家庄铁道大学,机构
org_714,中国科学院水利部水土保持研究所,机构
org_715,新疆维吾尔自治区地震局,机构
org_716,中国气象局广州热带海洋气象研究所,机构
org_717,云南师范大学,机构
org_718,中国工程物理研究院流体物理研究所,机构
org_719,中国科学院上海应用物理研究所,机构
org_720,西南医科大学,机构
org_721,天津市第一中心医院,机构
org_722,新乡医学院,机构
org_723,长春中医药大学,机构
org_724,中钢集团洛阳耐火材料研究院有限公司,机构
org_725,中国科学院山西煤炭化学研究所,机构
org_726,中国科学院国家天文台南京天文光学技术研究所,机构
org_727,中国科学院苏州生物医学工程技术研究所,机构
org_728,中国农业科学院原子能利用研究所,机构
org_729,遵义医学院,机构
org_730,浙江省水利河口研究院,机构
org_731,中国人民解放军第三〇九医院,机构
org_732,辽宁工业大学,机构
org_733,中国政法大学,机构
org_734,江西中医药大学,机构
org_735,天津市人民医院,机构
org_736,新疆医科大学,机构
org_737,中国人民解放军第三０二医院,机构
org_738,司法部司法鉴定科学技术研究所,机构
org_739,广东省第二人民医院,机构
org_740,贵州医科大学,机构
org_741,浙江省医学科学院,机构
org_742,中国人民解放军第二五四医院,机构
org_743,吉林医药学院,机构
org_744,河北中医学院,机构
org_745,河南省眼科研究所,机构
org_746,中国人民解放军海军总医院,机构
org_747,中国疾病预防控制中心职业卫生与中毒控制所,机构
org_748,上海市第八人民医院,机构
org_749,福建中医药大学,机构
org_750,长沙医学院,机构
org_751,国家康复辅具研究中心,机构
org_752,湖北省中西医结合医院,机构
org_753,长江水利委员会长江科学院,机构
org_754,商丘师范学院,机构
org_755,中国石油化工股份有限公司上海石油化工研究院,机构
org_756,中国科学院理论物理研究所,机构
org_757,重庆师范大学,机构
org_758,中国水产科学研究院黄海水产研究所,机构
org_759,中国科学院广州能源研究所,机构
org_760,湖南工程学院,机构
org_761,中国空气动力研究与发展中心,机构
org_762,陕西理工大学,机构
org_763,中国农业科学院农业资源与农业区划研究所,机构
org_764,南昌航空大学,机构
org_765,中国科学院亚热带农业生态研究所,机构
org_766,中国科学院上海天文台,机构
org_767,广西壮族自治区水产科学研究院,机构
org_768,湖北省中医院,机构
org_769,中国科学院测量与地球物理研究所,机构
org_770,湖北省农业科学院,机构
org_771,中国科学院上海光学精密机械研究所,机构
org_772,中国科学院云南天文台,机构
org_773,北京有色金属研究总院,机构
org_774,北京微电子技术研究所,机构
org_775,贵州师范大学,机构
org_776,中国人民解放军第二炮兵工程大学,机构
org_777,中国人民解放军兰州军区兰州总医院,机构
org_778,北京市神经外科研究所,机构
org_779,国家林业局经济发展研究中心,机构
org_780,重庆工商大学,机构
org_781,中美（河南）荷美尔肿瘤研究院,机构
org_782,中国中医科学院望京医院,机构
org_783,中国石油化工股份有限公司石油勘探开发研究院,机构
org_784,湖南商学院,机构
org_785,广州中国科学院先进技术研究所,机构
org_786,黑龙江科技大学,机构
org_787,中国农业科学院兰州兽医研究所,机构
org_788,机械科学研究总院,机构
org_789,洛阳师范学院,机构
org_790,西南林业大学,机构
org_791,北方工业大学,机构
org_792,浙江财经大学,机构
org_793,湖北经济学院,机构
org_794,湖南理工学院,机构
org_795,南阳师范学院,机构
org_796,中国工程物理研究院总体工程研究所,机构
org_797,湖南第一师范学院,机构
org_798,广西民族大学,机构
org_799,上海微小卫星工程中心,机构
org_800,广西师范学院,机构
org_801,临沂大学,机构
org_802,中国林业科学研究院亚热带林业研究所,机构
org_803,佳木斯大学,机构
org_804,国家海洋局第一海洋研究所,机构
org_805,中国科学院沈阳自动化研究所,机构
org_806,中国烟草总公司郑州烟草研究院,机构
org_807,长江师范学院,机构
org_808,中国科学院新疆理化技术研究所,机构
org_809,上海外国语大学,机构
org_810,中国农业科学院农业经济与发展研究所,机构
org_811,苏州工业园区新国大研究院,机构
org_812,广东省生物资源应用研究所,机构
org_813,深圳职业技术学院,机构
org_814,武汉工程大学,机构
org_815,上海市环境科学研究院,机构
org_816,海南省气象科学研究所,机构
org_817,南京晓庄学院,机构
org_818,中国科学院新疆天文台,机构
org_819,中国航发北京航空材料研究院,机构
org_820,江西财经大学,机构
org_821,广州地理研究所,机构
org_822,上海市气象局,机构
org_823,河南省科学院地理研究所,机构
org_824,上海市中医药研究院,机构
org_825,广东省微生物研究所,机构
org_826,盐城师范学院,机构
org_827,中国人民解放军重庆通信学院,机构
org_828,宁波工程学院,机构
org_829,合肥学院,机构
org_830,中国科学院西安光学精密机械研究所,机构
org_831,吉首大学,机构
org_832,国家海洋局第二海洋研究所,机构
org_833,齐齐哈尔医学院,机构
org_834,湖北汽车工业学院,机构
org_835,中国热带农业科学院香料饮料研究所,机构
org_836,中国热带农业科学院南亚热带作物研究所,机构
org_837,海南大学,机构
org_838,中国农业科学院麻类研究所,机构
org_839,中国电子科技集团公司第十三研究所,机构
org_840,中国工程物理研究院化工材料研究所,机构
org_841,新疆农业大学,机构
org_842,深圳市智能机器人研究院,机构
org_843,青海大学,机构
org_844,安徽省农业科学院,机构
org_845,岭南师范学院,机构
org_846,中国热带农业科学院环境与植物保护研究所,机构
org_847,长春大学,机构
org_848,长春工程学院,机构
org_849,北京航天长征飞行器研究所,机构
org_850,兰州空间技术物理研究所,机构
org_851,上海卫星工程研究所,机构
org_852,重庆理工大学,机构
org_853,淮海工学院,机构
org_854,辽东学院,机构
org_855,昆山杜克大学,机构
org_856,甘肃省治沙研究所,机构
org_857,重庆文理学院,机构
org_858,江苏省林业科学研究院,机构
org_859,广东省农业科学院蚕业与农产品加工研究所,机构
org_860,湖南工学院,机构
org_861,成都医学院,机构
org_862,中国人民解放军后勤工程学院,机构
org_863,宝鸡文理学院,机构
org_864,中国辐射防护研究院,机构
org_865,中物院成都科学技术发展中心,机构
org_866,香港科技大学,机构
org_867,广东省地震局,机构
org_868,中国科学院兰州文献情报中心,机构
org_869,教育部学位与研究生教育发展中心,机构
org_870,贵州财经大学,机构
org_871,海南师范大学,机构
org_872,苏州市职业大学,机构
org_873,北京外国语大学,机构
org_874,中国地质调查局成都地质调查中心,机构
org_875,西安地质矿产研究所,机构
org_876,中国地震局兰州地震研究所,机构
org_877,河南城建学院,机构
org_878,中国工程物理研究院材料研究所,机构
org_879,江苏省家禽科学研究所,机构
org_880,齐齐哈尔大学,机构
org_881,西京学院,机构
org_882,中国疾病预防控制中心传染病预防控制所,机构
org_883,浙江医院,机构
org_884,青岛海洋地质研究所,机构
org_885,惠州学院,机构
org_886,黑龙江省科学院自然与生态研究所,机构
org_887,邵阳学院,机构
org_888,上海市农业生物基因中心,机构
org_889,中国热带农业科学院橡胶研究所,机构
org_890,安徽科技学院,机构
org_891,中国社会科学院人口与劳动经济研究所,机构
org_892,广东省生物工程研究所,机构
org_893,西华师范大学,机构
org_894,中国航空工业集团公司沈阳空气动力研究所,机构
org_895,湖南化工研究院有限公司,机构
org_896,深圳华大基因研究院,机构
org_897,湖北工程学院,机构
org_898,中华人民共和国上海出入境检验检疫局,机构
org_899,西华大学,机构
org_900,中国气象局乌鲁木齐沙漠气象研究所,机构
org_901,山东省科学院,机构
org_902,洛阳理工学院,机构
org_903,泰州学院,机构
org_904,中国热带农业科学院热带作物品种资源研究所,机构
org_905,中国水产科学研究院东海水产研究所,机构
org_906,天津市天津医院,机构
org_907,中国科学院南京地质古生物研究所,机构
org_908,广东石油化工学院,机构
org_909,聊城大学,机构
org_910,大连海洋大学,机构
org_911,牡丹江师范学院,机构
org_912,环境保护部环境规划院,机构
org_913,中国人民解放军军械工程学院,机构
org_914,辽宁石油化工大学,机构
org_915,广东省农业科学院环境园艺研究所,机构
org_916,上海人类基因组研究中心,机构
org_917,中国建筑西南设计研究院有限公司,机构
org_918,国家测绘产品质量检验测试中心,机构
org_919,北京第二外国语学院,机构
org_920,北京石油化工学院,机构
org_921,河南科技学院,机构
org_922,中国人民解放军空军装备研究院,机构
org_923,天津市农业科学院,机构
org_924,中国信息通信研究院,机构
org_925,江苏理工学院,机构
org_926,中国农业科学院农业信息研究所,机构
org_927,辽宁省海洋水产科学研究院,机构
org_928,四川省农业科学院作物研究所,机构
org_929,三江学院,机构
org_930,中国气象局上海台风研究所,机构
org_931,中国康复研究中心,机构
org_932,北京矿产地质研究院,机构
org_933,山西财经大学,机构
org_934,福建江夏学院,机构
org_935,天津地质矿产研究所,机构
org_936,中国城市规划设计研究院,机构
org_937,中国地质科学院地球物理地球化学勘查研究所,机构
org_938,广州民航职业技术学院,机构
org_939,上海对外经贸大学,机构
org_940,上海辰山植物园,机构
org_941,深圳信息职业技术学院,机构
org_942,上海宇航系统工程研究所,机构
org_943,闽江学院,机构
org_944,衡阳师范学院,机构
org_945,农业部规划设计研究院,机构
org_946,湖北文理学院,机构
org_947,上海医药工业研究院,机构
org_948,中国人民解放军南京军区福州总医院,机构
org_949,中国农业科学院兰州畜牧与兽药研究所,机构
org_950,国家卫生计生委医院管理研究所,机构
org_951,吉林省中医药科学院,机构
org_952,长沙学院,机构
org_953,国家海洋技术中心,机构
org_954,河北省农林科学院植物保护研究所,机构
org_955,中国人民解放军总参谋部工程兵科研三所,机构
org_956,山东省林业科学研究院,机构
org_957,山东省疾病预防控制中心,机构
org_958,中国农业科学院特产研究所,机构
org_959,中国水产科学研究院长江水产研究所,机构
org_960,云南民族大学,机构
org_961,广东第二师范学院,机构
org_962,中国运载火箭技术研究院,机构
org_963,江苏省建筑科学研究院有限公司,机构
org_964,环境保护部华南环境科学研究所,机构
org_965,广西科学院,机构
org_966,三明学院,机构
org_967,中国人民解放军南京军区军事医学研究所,机构
org_968,广东财经大学,机构
org_969,云南省气候中心,机构
org_970,桂林医学院,机构
org_971,皖西学院,机构
org_972,农业部环境保护科研监测所,机构
org_973,中煤科工集团重庆研究院有限公司,机构
org_974,贵州师范学院,机构
org_975,广西壮族自治区中国科学院广西植物研究所,机构
org_976,新疆维吾尔自治区矿产实验研究所,机构
org_977,长沙矿冶研究院有限责任公司,机构
org_978,丽水学院,机构
org_979,核工业北京地质研究院,机构
org_980,黄山学院,机构
org_981,吉林财经大学,机构
org_982,水利部牧区水利科学研究所,机构
org_983,环境保护部南京环境科学研究所,机构
org_984,上海市肿瘤研究所,机构
org_985,中国石油天然气集团公司管材研究所,机构
org_986,上海无线通信研究中心,机构
org_987,淮北师范大学,机构
org_988,深圳证券交易所,机构
org_989,农业部农药检定所,机构
org_990,重庆市人民医院,机构
org_991,山东省花生研究所,机构
org_992,四川理工学院,机构
org_993,中国工程物理研究院机械制造工艺研究所,机构
org_994,福建省气候中心,机构
org_995,杭州医学院,机构
org_996,齐鲁师范学院,机构
org_997,农业部沼气科学研究所,机构
org_998,运城学院,机构
org_999,广东省第二中医院,机构
org_1000,中国疾病预防控制中心辐射防护与核安全医学所,机构
org_1001,北京临近空间飞行器系统工程研究所,机构
org_1002,西安近代化学研究所,机构
org_1003,泰山学院,机构
org_1004,山西省中医药研究院,机构
org_1005,中国建筑科学研究院,机构
org_1006,中国人民解放军空军总医院,机构
org_1007,江苏省气象台,机构
org_1008,浙江省林业科学研究院,机构
org_1009,中国疾病预防控制中心性病艾滋病预防控制中心,机构
org_1010,沈阳体育学院,机构
org_1011,新疆师范大学,机构
org_1012,湖北航天化学技术研究所,机构
org_1013,煤科集团沈阳研究院有限公司,机构
org_1014,河南省农业科学院,机构
org_1015,中国人民武装警察部队工程大学,机构
org_1016,北京航天飞行控制中心,机构
org_1017,甘肃农业大学,机构
org_1018,黄冈师范学院,机构
org_1019,中国电子科技集团公司第四十四研究所,机构
org_1020,中国电子科技集团公司电子科学研究院,机构
org_1021,中国航空工业集团公司基础技术研究院,机构
org_1022,工业和信息化部电子第五研究所,机构
org_1023,湖南科技学院,机构
org_1024,白城师范学院,机构
org_1025,北京物资学院,机构
org_1026,顺德职业技术学院,机构
org_1027,广东省农业科学院农业资源与环境研究所,机构
org_1028,山东省水利科学研究院,机构
org_1029,重庆市肿瘤研究所,机构
org_1030,武汉材料保护研究所,机构
org_1031,湖南人文科技学院,机构
org_1032,新疆财经大学,机构
org_1033,宁波诺丁汉大学,机构
org_1034,陕西省动物研究所,机构
org_1035,中国气象局兰州干旱气象研究所,机构
org_1036,广东省农业科学院果树研究所,机构
org_1037,南昌工程学院,机构
org_1038,天津市环境保护科学研究院,机构
org_1039,江苏建康职业学院,机构
org_1040,重庆市科学技术研究院,机构
org_1041,云南省地震局,机构
org_1042,广州海洋地质调查局,机构
org_1043,广西壮族自治区自然博物馆,机构
org_1044,常州南京大学,机构
org_1045,天津市气象台,机构
org_1046,陕西省眼科研究所,机构
org_1047,衡水学院,机构
org_1048,中国人民武装警察部队总医院,机构
org_1049,湖南省气象科学研究所,机构
org_1050,福建出入境检验检疫局检验检疫技术中心,机构
org_1051,浙江水利水电学院,机构
org_1052,国家卫星海洋应用中心,机构
org_1053,右江民族医学院,机构
org_1054,陕西省中医药研究院,机构
org_1055,广东金融学院,机构
org_1056,中国中医科学院眼科医院,机构
org_1057,中国农业科学院研究生院,机构
org_1058,中国水产科学研究院南海水产研究所,机构
org_1059,吉林省地震局,机构
org_1060,国务院发展研究中心,机构
org_1061,贵州理工学院,机构
org_1062,浙江自然博物馆,机构
org_1063,中国人民解放军空军勤务学院,机构
org_1064,中国人民解放军空军航空大学,机构
org_1065,金华职业技术学院,机构
org_1066,陕西省微生物研究所,机构
org_1067,平顶山学院,机构
org_1068,湖南省人民医院,机构
org_1069,西安财经学院,机构
org_1070,浙江省血液中心,机构
org_1071,湖北省肿瘤医院,机构
org_1072,江苏省气象科学研究所,机构
org_1073,天津市中西医结合急腹症研究所,机构
org_1074,国家测绘地理信息局卫星测绘应用中心,机构
org_1075,太原工业学院,机构
org_1076,中国林业科学研究院林业新技术研究所,机构
org_1077,中国电建集团华东勘测设计研究院有限公司,机构
org_1078,环境保护部卫星环境应用中心,机构
org_1079,中国中医科学院中医基础理论研究所,机构
org_1080,中国人民解放军广州军区武汉总医院,机构
org_1081,西北核技术研究所,机构
org_1082,郑州师范学院,机构
org_1083,天津财经大学,机构
org_1084,天津市疾病预防控制中心,机构
org_1085,中国地质环境监测院,机构
org_1086,上海立信会计金融学院,机构
org_1087,中国工程物理研究院上海激光等离子体研究所,机构
org_1088,北京卫星环境工程研究所,机构
org_1089,中国疾病预防控制中心病毒病预防控制所,机构
org_1090,国家信息中心,机构
org_1091,安徽财经大学,机构
org_1092,牡丹江医学院,机构
org_1093,延安大学,机构
org_1094,中国工程物理研究院,机构
org_1095,陕西省气象科学研究所,机构
org_1096,四川省地震局,机构
org_1097,天津市中医药研究院附属医院,机构
org_1098,辽宁省农业科学院,机构
org_1099,国家测绘地理信息局大地测量数据处理中心,机构
org_1100,中国铁道科学研究院,机构
org_1101,北京市园林科学研究院,机构
org_1102,西安航空学院,机构
org_1103,中国社会科学院世界经济与政治研究所,机构
org_1104,中国科学院自然科学史研究所,机构
org_1105,河北科技师范学院,机构
org_1106,农业部南京农业机械化研究所,机构
org_1107,周口师范学院,机构
org_1108,北京体育大学,机构
org_1109,韶关学院,机构
org_1110,河南省疾病预防控制中心,机构
org_1111,深圳市气象局,机构
org_1112,滁州学院,机构
org_1113,上海纽约大学,机构
org_1114,安庆师范大学,机构
org_1115,中山市人民医院,机构
org_1116,广西壮族自治区气象减灾研究所,机构
org_1117,中国地质调查局南京地质调查中心,机构
org_1118,中国工程物理研究院电子工程研究所,机构
org_1119,潍坊学院,机构
org_1120,海南热带海洋学院,机构
org_1121,河南工程学院,机构
org_1122,国家卫生计生委科学技术研究所,机构
org_1123,湖南涉外经济学院,机构
org_1124,中国人民解放军战略支援部队信息工程大学,机构
org_1125,宜宾学院,机构
org_1126,中国人民解放军国防科技大学,机构
org_1127,五邑大学,机构
org_1128,湖南工商大学,机构
org_1129,中国检验检疫科学研究院,机构
org_1130,成都军区疾病预防控制中心军事医学研究所,机构
org_1131,广州市番禺区中心医院,机构
org_1132,云南省寄生虫病防治所,机构
org_1133,绵阳师范学院,机构
org_1134,吉林农业科技学院,机构
org_1135,黑龙江省农业科学院,机构
org_1136,四川省畜牧科学研究院,机构
org_1137,海口市人民医院,机构
org_1138,金陵科技学院,机构
org_1139,中国疾病预防控制中心寄生虫病预防控制所,机构
org_1140,沈阳铸造研究所,机构
org_1141,中国科学技术信息研究所,机构
org_1142,交通运输部公路科学研究所,机构
org_1143,四川省自然资源科学研究院,机构
org_1144,江苏里下河地区农业科学研究所,机构
org_1145,中国社会科学院工业经济研究所,机构
org_1146,甘肃省农业科学院,机构
org_1147,湖北师范大学,机构
org_1148,山西省农业科学院小麦研究所,机构
org_1149,安阳师范学院,机构
org_1150,北京市眼科研究所,机构
org_1151,中国工程物理研究院应用电子学研究所,机构
org_1152,中国人民武装警察部队学院,机构
org_1153,怀化学院,机构
org_1154,承德医学院,机构
org_1155,赣南师范大学,机构
org_1156,武汉生物工程学院,机构
org_1157,中国人民解放军61081部队,机构
org_1158,河北经贸大学,机构
org_1159,福建省地震局,机构
org_1160,西北有色金属研究院,机构
org_1161,广东省环境科学研究院,机构
org_1162,广东省林业科学研究院,机构
org_1163,北京动物园,机构
org_1164,中国航天科工飞航技术研究院,机构
org_1165,中国兵器工业集团第七〇研究所,机构
org_1166,西南政法大学,机构
org_1167,肇庆学院,机构
org_1168,湖北理工学院,机构
org_1169,北华大学,机构
org_1170,北京麋鹿生态实验中心,机构
org_1171,中国电子科技集团公司第五十五研究所,机构
org_1172,唐山师范学院,机构
org_1173,公安部物证鉴定中心,机构
org_1174,中国地震局第一监测中心,机构
org_1175,浙江行政学院,机构
org_1176,山西省气象台,机构
org_1177,河北工程大学,机构
org_1178,黄河科技学院,机构
org_1179,北京市地震局,机构
org_1180,广州市香港科大霍英东研究院,机构
org_1181,青海省交通科学研究院,机构
org_1182,太原市中心医院,机构
org_1183,中国人民解放军海军大连舰艇学院,机构
org_1184,上海体育科学研究所,机构
org_1185,中国疾病预防控制中心,机构
org_1186,河北省眼科医院,机构
org_1187,中国食品药品检定研究院,机构
org_1188,中国人民解放军第一一七医院,机构
org_1189,宁德师范学院,机构
org_1190,民政部国家减灾中心,机构
org_1191,新疆农业科学院,机构
org_1192,中国气象局气象探测中心,机构
org_1193,甘肃省中医院,机构
org_1194,湖北民族学院,机构
org_1195,上海市食品药品检验所,机构
org_1196,广州市疾病预防控制中心,机构
org_1197,西安医学院,机构
org_1198,衢州学院,机构
org_1199,河南省科学院高新技术研究中心,机构
org_1200,浙江省气象科学研究所,机构
org_1201,吉林省养蜂科学研究所,机构
org_1202,河北省农林科学院粮油作物研究所,机构
org_1203,广西壮族自治区药用植物园,机构
org_1204,西安空间无线电技术研究所,机构
org_1205,机械科学研究院哈尔滨焊接研究所,机构
org_1206,黑龙江省科学院微生物研究所,机构
org_1207,首都体育学院,机构
org_1208,中国社会科学院城市发展与环境研究所,机构
org_1209,天津体育学院,机构
org_1210,广西壮族自治区农业科学院,机构
org_1211,咸阳师范学院,机构
org_1212,广东省结核病控制中心,机构
org_1213,沈阳工程学院,机构
org_1214,中国人民解放军装备学院,机构
org_1215,上海无线电设备研究所,机构
org_1216,巢湖学院,机构
org_1217,湖南省林业科学院,机构
org_1218,安阳工学院,机构
org_1219,北京跟踪与通信技术研究所,机构
org_1220,中国兵器科学研究院宁波分院,机构
org_1221,广东警官学院,机构
org_1222,福建省肿瘤医院,机构
org_1223,深圳市仙湖植物园管理处,机构
org_1224,内蒙古医科大学,机构
org_1225,山东警察学院,机构
org_1226,四川省林业科学研究院,机构
org_1227,中国地质调查局油气资源调查中心,机构
org_1228,内蒙古自治区农牧业科学院,机构
org_1229,山西省农业科学院高粱研究所,机构
org_1230,中国农业科学院草原研究所,机构
org_1231,山东省气象台,机构
org_1232,河南财经政法大学,机构
org_1233,交通运输部科学研究院,机构
org_1234,长治学院,机构
org_1235,天津市海河医院,机构
org_1236,四川省农业科学院,机构
org_1237,广州市市政工程设计研究总院,机构
org_1238,中国船舶科学研究中心,机构
org_1239,乐山师范学院,机构
org_1240,江西省科学院,机构
org_1241,北方民族大学,机构
org_1242,西安航天动力研究所,机构
org_1243,中国电子科技集团公司第二十二研究所,机构
org_1244,上海空间电源研究所,机构
org_1245,中国船舶重工集团公司第七一五研究所,机构
org_1246,西北稀有金属材料研究院,机构
org_1247,南方电网科学研究院有限责任公司,机构
org_1248,莆田学院,机构
org_1249,中国中医科学院,机构
org_1250,北京市中西医结合医院,机构
org_1251,天津职业技术师范大学,机构
org_1252,商洛学院,机构
org_1253,天津市第五中心医院,机构
org_1254,中国皮革和制鞋工业研究院,机构
org_1255,河南省正骨研究院,机构
org_1256,云南中科灵长类生物医学重点实验室,机构
org_1257,嘉应学院,机构
org_1258,四川省中医药科学院,机构
org_1259,河北化工医药职业技术学院,机构
org_1260,湖南警察学院,机构
org_1261,湘南学院,机构
org_1262,北京低碳清洁能源研究所,机构
org_1263,广东省农业科学院水稻研究所,机构
org_1264,广东省农业科学院农业生物基因研究中心,机构
org_1265,上海市徐汇区大华医院,机构
org_1266,安徽新华学院,机构
org_1267,河南省地质调查院,机构
org_1268,宁波市农业科学研究院,机构
org_1269,上海市脑血管病防治研究所,机构
org_1270,广州体育学院,机构
org_1271,中国人民解放军第二一０医院,机构
org_1272,中国林业科学研究院林业科技信息研究所,机构
org_1273,天津市儿童医院,机构
org_1274,中煤科工集团西安研究院有限公司,机构
org_1275,上海航天控制技术研究所,机构
org_1276,西北民族大学,机构
org_1277,中国气象局武汉暴雨研究所,机构
org_1278,中国人民解放军国防大学,机构
org_1279,黑龙江工程学院,机构
org_1280,中国人民解放军陆军航空兵学院,机构
org_1281,中国人民解放军兰州军区乌鲁木齐总医院,机构
org_1282,国家海洋信息中心,机构
org_1283,鞍山师范学院,机构
org_1284,云南省气象科学研究所,机构
org_1285,中国气象局沈阳大气环境研究所,机构
org_1286,中国航天科技集团公司第四研究院,机构
org_1287,中国财政科学研究院,机构
org_1288,广东省水利水电科学研究院,机构
org_1289,西安文理学院,机构
org_1290,成都大熊猫繁育研究基地,机构
org_1291,唐山学院,机构
org_1292,中欧国际工商学院,机构
org_1293,国家卫生计生委卫生发展研究中心,机构
org_1294,大连市农业科学研究院,机构
org_1295,黑龙江省科学院技术物理研究所,机构
org_1296,龙岩学院,机构
org_1297,吉林化工学院,机构
org_1298,深圳市血液中心,机构
org_1299,上海市杨浦区中心医院,机构
org_1300,中国互联网络信息中心,机构
org_1301,山东交通学院,机构
org_1302,中国兵器工业第五九研究所,机构
org_1303,山西省农业科学院果树研究所,机构
org_1304,山东省海洋生物研究院,机构
org_1305,河北省人民医院,机构
org_1306,国家安全生产监督管理总局信息研究院,机构
org_1307,河北省科学院能源研究所,机构
org_1308,云南省农业科学院,机构
org_1309,中国兵器科学研究院,机构
org_1310,中国中医科学院中医药信息研究所,机构
org_1311,上海社会科学院,机构
org_1312,上海市静安区闸北中心医院,机构
org_1313,天津市公安医院,机构
org_1314,福建省亚热带植物研究所,机构
org_1315,上海市地震局,机构
org_1316,中国地震局第二监测中心,机构
org_1317,浙江清华长三角研究院,机构
org_1318,郑州轻金属研究院,机构
org_1319,中国安全生产科学研究院,机构
org_1320,山东省中医药研究院,机构
org_1321,北京诺赛基因组研究中心有限公司,机构
org_1322,中国兽医药品监察所,机构
org_1323,中国航天科工集团公司,机构
org_1324,内蒙古自治区水利科学研究院,机构
org_1325,中国气象局成都高原气象研究所,机构
org_1326,宿州学院,机构
org_1327,中国社会科学院农村发展研究所,机构
org_1328,黄淮学院,机构
org_1329,青海省畜牧兽医科学院,机构
org_1330,中国电子科技集团公司第二十九研究所,机构
org_1331,江苏省行政学院,机构
org_1332,青岛市疾病预防控制中心,机构
org_1333,中国水产科学研究院渔业机械仪器研究所,机构
org_1334,河南省职业病防治研究院,机构
org_1335,中国热带农业科学院海口实验站,机构
org_1336,滨州学院,机构
org_1337,国家体育总局运动医学研究所,机构
org_1338,宁波大红鹰学院,机构
org_1339,中国人民解放军军事交通学院,机构
org_1340,国家卫生计生委统计信息中心,机构
org_1341,延边大学,机构
org_1342,南京特殊教育师范学院,机构
org_1343,上海中药标准化研究中心,机构
org_1344,昆明冶金研究院,机构
org_1345,中国地质调查局水文地质环境地质调查中心,机构
org_1346,中国人民解放军海军潜艇学院,机构
org_1347,中铁西南科学研究院有限公司,机构
org_1348,淮南师范学院,机构
org_1349,河北省气象局,机构
org_1350,惠州市中心人民医院,机构
org_1351,故宫博物院,机构
org_1352,韩山师范学院,机构
org_1353,中国人民解放军第三二三医院,机构
org_1354,中国人民解放军第306医院,机构
org_1355,钦州学院,机构
org_1356,中国人民解放军第150中心医院,机构
org_1357,国家广播电影电视总局广播电视规划院,机构
org_1358,广东省疾病预防控制中心,机构
org_1359,教育部科技发展中心,机构
org_1360,楚雄师范学院,机构
org_1361,山东航天电子技术研究所,机构
org_1362,青海师范大学,机构
org_1363,江苏医药职业学院,机构
org_1364,徐州工程学院,机构
org_1365,河北省科学院生物研究所,机构
org_1366,杭州市第一人民医院,机构
org_1367,广州血液中心,机构
org_1368,煤炭总医院,机构
org_1369,中国医药集团总公司四川抗菌素工业研究所,机构
org_1370,中国人民解放军空军航空医学研究所,机构
org_1371,上海市光华中西医结合医院,机构
org_1372,天津市第二人民医院,机构
org_1373,青岛市市立医院,机构
org_1374,中国地震台网中心,机构
org_1375,山东省气象科学研究所,机构
org_1376,河北省地震局,机构
org_1377,中国土地勘测规划院,机构
org_1378,吉林省气象科学研究所,机构
org_1379,中国社会科学院民族学与人类学研究所,机构
org_1380,天津市食品加工工程中心,机构
org_1381,中国农业机械化科学研究院,机构
org_1382,中国农业科学院蚕业研究所,机构
org_1383,国家海洋局天津海水淡化与综合利用研究所,机构
org_1384,中国西安卫星测控中心,机构
org_1385,玉林师范学院,机构
org_1386,西安外国语大学,机构
org_1387,中国人民解放军防化研究院,机构
org_1388,池州学院,机构
org_1389,中国肉类食品综合研究中心,机构
org_1390,江苏省海洋水产研究所,机构
org_1391,成都体育学院,机构
org_1392,天津市安定医院,机构
org_1393,山东省地方病防治研究所,机构
org_1394,河南省中医药研究院,机构
org_1395,山东女子学院,机构
org_1396,铜仁学院,机构
org_1397,北京市劳动保护科学研究所,机构
org_1398,中国人民解放军新疆军区疾病预防控制中心,机构
org_1399,广东省中药研究所,机构
org_1400,中国人民解放军63928部队,机构
org_1401,大连市中心医院,机构
org_1402,浙江外国语学院,机构
org_1403,中国人民解放军61517部队,机构
org_1404,中国人民解放军海军医学研究所,机构
org_1405,中国人民解放军第二六一医院,机构
org_1406,科技部科技评估中心,机构
org_1407,审计署审计科研所,机构
org_1408,北京市海淀医院,机构
org_1409,国家发展和改革委员会产业经济与技术经济研究所,机构
org_1410,中国人民解放军总参谋部第五十四研究所,机构
org_1411,中国航空工业集团公司洛阳电光设备研究所,机构
org_1412,地壳运动监测工程研究中心,机构
org_1413,国家烟草质量监督检验中心,机构
org_1414,武汉市结核病防治所,机构
org_1415,厦门华侨亚热带植物引种园,机构
org_1416,广东省农业科学院植物保护研究所,机构
org_1417,广东省农业科学院作物研究所,机构
org_1418,河北省农林科学院谷子研究所,机构
org_1419,中国电子科技集团公司第二十八研究所,机构
org_1420,中国水产科学研究院珠江水产研究所,机构
org_1421,广东轻工职业技术学院,机构
org_1422,潍坊市中医院,机构
org_1423,广东省医学实验动物中心,机构
org_1424,中国教育科学研究院,机构
org_1425,北京语言大学,机构
org_1426,南京体育学院,机构
org_1427,中国船舶重工集团公司第七六〇研究所,机构
org_1428,辽宁省检验检疫科学技术研究院,机构
org_1429,国家基础地理信息中心,机构
org_1430,中国冶金地质总局矿产资源研究院,机构
org_1431,北京航天控制仪器研究所,机构
org_1432,江苏第二师范学院,机构
org_1433,中国航空工业集团公司沈阳飞机设计研究所,机构
org_1434,中国人民解放军第二0八医院,机构
org_1435,中国中医科学院中国医史文献研究所,机构
org_1436,山西省人民医院,机构
org_1437,中国空空导弹研究院,机构
org_1438,中国电子信息产业发展研究院,机构
org_1439,石家庄学院,机构
org_1440,北京电子科技学院,机构
org_1441,中国人民解放军西安通信学院,机构
org_1442,中国人民解放军第252医院,机构
org_1443,中国标准化研究院,机构
org_1444,中国动物疫病预防控制中心,机构
org_1445,重庆市中药研究院,机构
org_1446,福建省疾病预防控制中心,机构
org_1447,中国人民解放军第四〇一医院,机构
org_1448,天津国际生物医药联合研究院,机构
org_1449,卫生部人才交流服务中心,机构
org_1450,公安部第三研究所,机构
org_1451,国际关系学院,机构
org_1452,北京城市学院,机构
org_1453,中国地震灾害防御中心,机构
org_1454,国网电力科学研究院,机构
org_1455,陕西省地震局,机构
org_1456,渭南师范学院,机构
org_1457,山西省农业科学院作物科学研究所,机构
org_1458,中国热带农业科学院,机构
org_1459,通化师范学院,机构
org_1460,大庆师范学院,机构
org_1461,铜陵学院,机构
org_1462,中国商用飞机有限责任公司北京民用飞机技术研究中心,机构
org_1463,广东出入境检验检疫局检验检疫技术中心,机构
org_1464,湖南出入境检验检疫局检验检疫技术中心,机构
org_1465,中国社会科学院经济研究所,机构
org_1466,工业和信息化部电信传输研究所,机构
org_1467,北京强度环境研究所,机构
org_1468,北京市理化分析测试中心,机构
org_1469,公安部第一研究所,机构
org_1470,大连东软信息学院,机构
org_1471,中国人事科学研究院,机构
org_1472,贵州省植物保护研究所,机构
org_1473,广西壮族自治区人民医院,机构
org_1474,上海金融学院,机构
org_1475,国土资源部土地整治中心,机构
org_1476,中国科学院文献情报中心,机构
org_1477,攀枝花学院,机构
org_1478,宁波市微循环与莨菪类药研究所,机构
org_1479,中国电子科技集团公司第二十四研究所,机构
org_1480,中国人民银行金融研究所,机构
org_1481,中国人民解放军总参谋部第五十七研究所,机构
org_1482,北京市水科学技术研究院,机构
org_1483,上海市疾病预防控制中心,机构
org_1484,中科院广州化学有限公司,机构
org_1485,中国地质博物馆,机构
org_1486,中国飞机强度研究所,机构
org_1487,国家林业局森林病虫害防治总站,机构
org_1488,山西省农业科学院棉花研究所,机构
org_1489,北京自然博物馆,机构
org_1490,中国长江三峡集团公司中华鲟研究所,机构
org_1491,江苏徐州甘薯研究中心,机构
org_1492,广东省农业科学院,机构
org_1493,上海市水产研究所,机构
org_1494,甘肃省医学科学研究院,机构
org_1495,辽宁省林业科学研究院,机构
org_1496,中国社会科学院考古研究所,机构
org_1497,廊坊师范学院,机构
org_1498,江苏省地震局,机构
org_1499,杭州市疾病预防控制中心,机构
org_1500,宁波市医疗中心李惠利医院,机构
org_1501,航天中心医院,机构
org_1502,河南省人民医院,机构
org_1503,中国动物卫生与流行病学中心,机构
org_1504,山西省农业科学院生物技术研究中心,机构
org_1505,山东省海洋资源与环境研究院,机构
org_1506,上海市浦东新区公利医院,机构
org_1507,河北省中西医结合医药研究院,机构
org_1508,江苏省中医药研究院,机构
org_1509,敦煌研究院,机构
org_1510,郑州铁路职业技术学院,机构
org_1511,中国科学院对地观测与数字地球科学中心,机构
org_1512,河南教育学院,机构
org_1513,中国人民解放军空军指挥学院,机构
org_1514,上海北京大学,机构
org_1515,广州市第十二人民医院,机构
org_1516,山西省眼科医院,机构
org_1517,上海市医学科学技术情报研究所,机构
org_1518,山东省立医院,机构
org_1519,长治医学院,机构
org_1520,广州番禺职业技术学院,机构
org_1521,吉林省人工影响天气办公室,机构
org_1522,甘肃省气象局,机构
org_1523,武夷学院,机构
org_1524,中日友好环境保护中心,机构
org_1525,国家海洋局北海环境监测中心,机构
org_1526,中国民用航空飞行学院,机构
org_1527,天津自然博物馆,机构
org_1528,中国日用化学工业研究院,机构
org_1529,广州市妇女儿童医疗中心,机构
org_1530,中央军委装备发展部第六十三研究所,机构
org_1531,中国浦东干部学院,机构
org_1532,广州市皮肤病防治所,机构
org_1533,辽宁省计划生育科学研究院,机构
org_1534,江苏省省级机关医院,机构
org_1535,上海植物园,机构
org_1536,江苏省肿瘤防治研究所,机构
org_1537,招商局重庆交通科研设计院有限公司,机构
org_1538,青海省中医院,机构
org_1539,珠江水利委员会珠江水利科学研究院,机构
org_1540,农业部农村经济研究中心,机构
org_1541,上海市针灸经络研究中心,机构
org_1542,中国人民解放军海军装备研究院,机构
org_1543,汕头市中心医院,机构
org_1544,北京机电研究所,机构
org_1545,中材人工晶体研究院有限公司,机构
org_1546,西安市红会医院,机构
org_1547,武汉市疾病预防控制中心,机构
org_1548,北京市宣武中医医院,机构
org_1549,中国中医科学院研究生部,机构
org_1550,湖州市中心医院,机构
org_1551,重庆市人口和计划生育科学技术研究院,机构
org_1552,中国人民解放军北京军区疾病预防控制中心,机构
org_1553,上海河口海岸科学研究中心,机构
org_1554,重庆市气象科学研究所,机构
org_1555,贵州省中国科学院天然产物化学重点实验室,机构
org_1556,山东省千佛山医院,机构
org_1557,广西壮族自治区农业科学院甘蔗研究所,机构
org_1558,中国社会科学院语言研究所,机构
org_1559,中国航空工业集团公司北京航空制造工程研究所,机构
org_1560,北京市电加工研究所,机构
org_1561,兰州中心气象台,机构
org_1562,新疆农垦科学院,机构
org_1563,深圳市检验检疫科学研究院,机构
org_1564,辽宁省药品检验检测院,机构
org_1565,中国人民解放军第三0五医院,机构
org_1566,国家纳米技术与工程研究院,机构
org_1567,江西省人民医院,机构
org_1568,上海市园林科学规划研究院,机构
org_1569,国家开放大学,机构
org_1570,中国电器科学研究院有限公司,机构
org_1571,中国铝业郑州有色金属研究院有限公司,机构
org_1572,核工业北京化工冶金研究院,机构
org_1573,四川省医学科学院（四川省人民医院）,机构
org_1574,广东省职业病防治院,机构
org_1575,中华人民共和国广东出入境检验检疫局,机构
org_1576,赤峰学院,机构
org_1577,江苏沿江地区农业科学研究所,机构
org_1578,天水师范学院,机构
org_1579,甘肃省人民医院,机构
org_1580,国土资源部油气资源战略研究中心,机构
org_1581,湖北莲花山计算机视觉和信息科学研究院,机构
org_1582,长江商学院,机构
org_1583,江苏省地质调查研究院,机构
org_1584,湖南省体育科学研究所,机构
org_1585,忻州师范学院,机构
org_1586,上海转基因研究中心,机构
org_1587,山西省农业科学院植物保护研究所,机构
org_1588,河南省气象科学研究所,机构
org_1589,国家发展和改革委员会国土开发与地区经济研究所,机构
org_1590,空军装备研究院航空气象防化研究所,机构
org_1591,中国人民解放军南京陆军指挥学院,机构
org_1592,九江学院,机构
org_1593,昆明贵金属研究所,机构
org_1594,海尔集团技术研发中心,机构
org_1595,中国船舶重工集团公司第七一一研究所,机构
org_1596,安徽省气象科学研究所,机构
org_1597,中国文化遗产研究院,机构
org_1598,中国石油天然气股份有限公司长庆油田分公司勘探开发研究院,机构
org_1599,中科院成都信息技术股份有限公司,机构
org_1600,江西省农业科学院,机构
org_1601,辽宁信息职业技术学院,机构
org_1602,湖南省地震局,机构
org_1603,青海省人民医院,机构
